-- MySQL dump 10.13  Distrib 8.0.19, for osx10.14 (x86_64)
--
-- Host: localhost    Database: handwritingdb
-- ------------------------------------------------------
-- Server version	8.0.19

/*!40101 SET @OLD_CHARACTER_SET_CLIENT=@@CHARACTER_SET_CLIENT */;
/*!40101 SET @OLD_CHARACTER_SET_RESULTS=@@CHARACTER_SET_RESULTS */;
/*!40101 SET @OLD_COLLATION_CONNECTION=@@COLLATION_CONNECTION */;
/*!50503 SET NAMES utf8mb4 */;
/*!40103 SET @OLD_TIME_ZONE=@@TIME_ZONE */;
/*!40103 SET TIME_ZONE='+00:00' */;
/*!40014 SET @OLD_UNIQUE_CHECKS=@@UNIQUE_CHECKS, UNIQUE_CHECKS=0 */;
/*!40014 SET @OLD_FOREIGN_KEY_CHECKS=@@FOREIGN_KEY_CHECKS, FOREIGN_KEY_CHECKS=0 */;
/*!40101 SET @OLD_SQL_MODE=@@SQL_MODE, SQL_MODE='NO_AUTO_VALUE_ON_ZERO' */;
/*!40111 SET @OLD_SQL_NOTES=@@SQL_NOTES, SQL_NOTES=0 */;

--
-- Table structure for table `q_question`
--

DROP TABLE IF EXISTS `q_question`;
/*!40101 SET @saved_cs_client     = @@character_set_client */;
/*!50503 SET character_set_client = utf8mb4 */;
CREATE TABLE `q_question` (
  `question_id` int NOT NULL AUTO_INCREMENT,
  `number_in_questionnaire` int DEFAULT NULL,
  `questionnaire_id` int DEFAULT NULL,
  `question_text_id` int DEFAULT NULL,
  PRIMARY KEY (`question_id`),
  KEY `q_question_ibfk_1` (`questionnaire_id`),
  KEY `q_question_ibfk_2` (`question_text_id`),
  CONSTRAINT `q_question_ibfk_1` FOREIGN KEY (`questionnaire_id`) REFERENCES `q_questionnaire` (`questionnaire_id`) ON DELETE CASCADE ON UPDATE CASCADE,
  CONSTRAINT `q_question_ibfk_2` FOREIGN KEY (`question_text_id`) REFERENCES `q_question_text` (`question_text_id`) ON DELETE CASCADE ON UPDATE CASCADE
) ENGINE=InnoDB AUTO_INCREMENT=270 DEFAULT CHARSET=utf8 AVG_ROW_LENGTH=4096;
/*!40101 SET character_set_client = @saved_cs_client */;

--
-- Dumping data for table `q_question`
--

LOCK TABLES `q_question` WRITE;
/*!40000 ALTER TABLE `q_question` DISABLE KEYS */;
INSERT INTO `q_question` VALUES (1,1,1,1),(2,2,1,2),(3,3,1,3),(4,4,1,4),(5,5,1,5),(6,6,1,6),(7,7,1,7),(8,8,1,8),(9,9,1,9),(11,11,1,11),(12,12,1,12),(13,13,1,13),(14,14,1,14),(16,15,1,15),(17,16,1,16),(19,17,1,17),(20,18,1,18),(21,19,1,19),(22,20,1,20),(23,21,1,21),(24,22,1,22),(25,23,1,23),(26,24,1,24),(27,25,1,25),(29,27,1,27),(30,28,1,28),(31,29,1,29),(32,30,1,30),(34,31,1,31),(35,32,1,32),(36,33,1,33),(37,34,1,34),(38,35,1,35),(39,36,1,36),(40,37,1,37),(41,38,1,38),(42,39,1,39),(43,40,1,40),(44,41,1,41),(45,42,1,42),(46,43,1,43),(47,44,1,44),(48,45,1,45),(49,46,1,46),(50,47,1,47),(51,48,1,48),(52,49,1,49),(53,50,1,50),(55,51,1,51),(56,52,1,52),(57,53,1,53),(59,54,1,54),(60,55,1,55),(61,56,1,56),(62,57,1,57),(63,58,1,58),(64,59,1,59),(65,60,1,60),(66,61,1,61),(67,62,1,62),(68,63,1,63),(69,64,1,64),(70,65,1,65),(71,66,1,66),(72,67,1,67),(73,68,1,68),(74,69,1,69),(75,70,1,70),(76,71,1,71),(77,72,1,72),(78,73,1,73),(80,75,1,75),(81,76,1,76),(82,77,1,77),(83,78,1,78),(84,79,1,79),(86,80,1,80),(87,81,1,81),(88,82,1,82),(91,83,1,83),(92,84,1,84),(93,85,1,85),(94,86,1,86),(95,87,1,87),(96,88,1,88),(97,89,1,89),(98,90,1,90),(99,91,1,91),(100,92,1,92),(101,93,1,93),(102,94,1,94),(103,95,1,95),(104,96,1,96),(105,97,1,97),(106,98,1,98),(107,99,1,99),(108,100,1,100),(109,101,1,101),(110,102,1,102),(111,103,1,103),(112,104,1,104),(113,105,1,105),(114,1,2,106),(115,2,2,107),(116,3,2,108),(117,4,2,109),(118,5,2,110),(119,6,2,111),(120,7,2,112),(121,8,2,113),(122,9,2,114),(124,10,2,115),(125,11,2,116),(126,12,2,117),(127,13,2,118),(128,14,2,119),(129,15,2,120),(130,16,2,121),(131,17,2,122),(133,18,2,123),(134,19,2,124),(136,20,2,125),(137,21,2,126),(138,22,2,127),(139,23,2,128),(141,24,2,129),(142,25,2,130),(143,26,2,131),(145,27,2,132),(146,28,2,133),(147,29,2,134),(148,30,2,135),(149,31,2,136),(150,32,2,137),(151,33,2,138),(152,34,2,139),(153,35,2,140),(154,36,2,141),(155,37,2,142),(156,38,2,143),(157,39,2,144),(168,40,2,145),(169,41,2,146),(170,42,2,147),(171,43,2,148),(172,44,2,149),(173,45,2,150),(174,46,2,151),(175,47,2,152),(176,48,2,153),(177,49,2,154),(178,50,2,155),(179,51,2,156),(180,52,2,157),(181,53,2,158),(182,54,2,159),(183,55,2,160),(184,56,2,161),(185,57,2,162),(186,58,2,163),(187,59,2,164),(188,60,2,165),(189,61,2,166),(190,62,2,167),(191,63,2,168),(192,64,2,169),(193,65,2,170),(194,66,2,171),(195,67,2,172),(196,68,2,173),(197,69,2,174),(199,70,2,175),(200,71,2,176),(201,72,2,177),(202,73,2,178),(203,74,2,179),(204,75,2,180),(205,76,2,181),(206,77,2,182),(207,78,2,183),(209,79,2,184),(210,80,2,185),(211,1,3,186),(212,2,3,187),(213,3,3,188),(214,4,3,189),(215,5,3,190),(216,6,3,191),(217,7,3,192),(218,8,3,193),(219,9,3,194),(220,10,3,195),(221,11,3,196),(222,12,3,197),(224,13,3,198),(225,14,3,199),(226,15,3,200),(227,16,3,201),(228,17,3,202),(229,18,3,203),(230,19,3,204),(231,20,3,205),(232,21,3,206),(233,22,3,207),(234,23,3,208),(235,24,3,209),(236,25,3,210),(237,26,3,211),(238,1,4,212),(239,2,4,213),(240,3,4,214),(241,4,4,215),(242,5,4,216),(243,6,4,217),(245,7,4,218),(246,8,4,219),(247,9,4,220),(248,10,4,221),(249,11,4,222),(250,12,4,223),(251,13,4,224),(252,14,4,225),(253,15,4,226),(254,16,4,227),(255,17,4,228),(256,18,4,229),(257,19,4,230),(258,20,4,231),(259,21,4,232),(260,22,4,233),(261,23,4,234),(262,24,4,235),(263,26,1,236),(264,74,1,237),(265,10,1,238),(266,27,3,239),(267,28,3,240),(268,29,3,241),(269,30,3,242);
/*!40000 ALTER TABLE `q_question` ENABLE KEYS */;
UNLOCK TABLES;

--
-- Table structure for table `q_questionnaire`
--

DROP TABLE IF EXISTS `q_questionnaire`;
/*!40101 SET @saved_cs_client     = @@character_set_client */;
/*!50503 SET character_set_client = utf8mb4 */;
CREATE TABLE `q_questionnaire` (
  `questionnaire_id` int NOT NULL AUTO_INCREMENT,
  `questionnaire_nickname` varchar(255) DEFAULT NULL,
  `questionnaire_name` varchar(255) DEFAULT NULL,
  `questionnaire_description` text,
  PRIMARY KEY (`questionnaire_id`)
) ENGINE=InnoDB AUTO_INCREMENT=5 DEFAULT CHARSET=utf8;
/*!40101 SET character_set_client = @saved_cs_client */;

--
-- Dumping data for table `q_questionnaire`
--

LOCK TABLES `q_questionnaire` WRITE;
/*!40000 ALTER TABLE `q_questionnaire` DISABLE KEYS */;
INSERT INTO `q_questionnaire` VALUES (1,'ОСТ','Опросник структуры темперамента','Опросник структуры темперамента (ОСТ) используется для диагностики свойств «предметно-деятельностного» и «коммуникативного» аспектов темперамента.'),(2,'ОЧХ','Опросник черт характера','Опросник предназначен для психологических, педагогических и медицинских исследований людей обоего пола в возрасте от 18 до 60 лет. Позволяет измерять черты характера взрослого человека. Теоретическую основу составляет специальная теория индивидуальности В. М. Русалова. Характер не является чисто содержательной характеристикой психики. Он испытывает сильное влияние со стороны биологической организации человека (темперамента), который составляет его динамическую основу. Темперамент обеспечивает «биологические» стереотипы поведения (активность, эмоциональность). Содержание характера диктуется социумом.'),(3,'САН','Самочувствие, активность, настроение','Тест САН — разновидность опросников состояний и настроений. Разработан сотрудниками 1 Московского медицинского института имени И.М.Сеченова В. А. Доскиным, Н. А. Лаврентьевой, В. Б. Шараем и М. П. Мирошниковым в 1973 г.'),(4,'БП','Склонность к агрессии по Бассу-Перри','Опросник уровня агрессивности Басса - Перри - личностная тестовая методика, направленная на диагностику агрессивности.');
/*!40000 ALTER TABLE `q_questionnaire` ENABLE KEYS */;
UNLOCK TABLES;

--
-- Table structure for table `q_answer`
--

DROP TABLE IF EXISTS `q_answer`;
/*!40101 SET @saved_cs_client     = @@character_set_client */;
/*!50503 SET character_set_client = utf8mb4 */;
CREATE TABLE `q_answer` (
  `answer_id` int NOT NULL AUTO_INCREMENT,
  `question_id` int DEFAULT NULL,
  `number_in_question` int DEFAULT NULL,
  `answer_text_id` int DEFAULT NULL,
  `score` int DEFAULT NULL,
  PRIMARY KEY (`answer_id`),
  KEY `question_id` (`question_id`),
  KEY `q_answer_ibfk_2` (`answer_text_id`),
  CONSTRAINT `q_answer_ibfk_2` FOREIGN KEY (`answer_text_id`) REFERENCES `q_answer_text` (`answer_text_id`) ON DELETE CASCADE ON UPDATE CASCADE,
  CONSTRAINT `q_answer_ibfk_3` FOREIGN KEY (`question_id`) REFERENCES `q_question` (`question_id`) ON DELETE CASCADE ON UPDATE CASCADE
) ENGINE=InnoDB AUTO_INCREMENT=1076 DEFAULT CHARSET=utf8;
/*!40101 SET character_set_client = @saved_cs_client */;

--
-- Dumping data for table `q_answer`
--

LOCK TABLES `q_answer` WRITE;
/*!40000 ALTER TABLE `q_answer` DISABLE KEYS */;
INSERT INTO `q_answer` VALUES (6,238,1,3,1),(7,238,2,4,2),(8,238,3,7,3),(9,238,4,5,4),(10,238,5,6,5),(11,239,1,3,1),(12,239,2,4,2),(13,239,3,7,3),(14,239,4,5,4),(15,239,5,6,5),(16,240,1,3,1),(17,240,2,4,2),(18,240,3,7,3),(19,240,4,5,4),(20,240,5,6,5),(21,241,1,3,1),(22,241,2,4,2),(23,241,3,7,3),(24,241,4,5,4),(25,241,5,6,5),(26,242,1,3,1),(27,242,2,4,2),(28,242,3,7,3),(29,242,4,5,4),(30,242,5,6,5),(31,243,1,3,1),(32,243,2,4,2),(33,243,3,7,3),(34,243,4,5,4),(35,243,5,6,5),(36,245,1,3,1),(37,245,2,4,2),(38,245,3,7,3),(39,245,4,5,4),(40,245,5,6,5),(41,246,1,3,1),(42,246,2,4,2),(43,246,3,7,3),(44,246,4,5,4),(45,246,5,6,5),(46,247,1,3,1),(47,247,2,4,2),(48,247,3,7,3),(49,247,4,5,4),(50,247,5,6,5),(51,248,1,3,1),(52,248,2,4,2),(53,248,3,7,3),(54,248,4,5,4),(55,248,5,6,5),(56,249,1,3,1),(57,249,2,4,2),(58,249,3,7,3),(59,249,4,5,4),(60,249,5,6,5),(61,250,1,3,1),(62,250,2,4,2),(63,250,3,7,3),(64,250,4,5,4),(65,250,5,6,5),(66,251,1,3,1),(67,251,2,4,2),(68,251,3,7,3),(69,251,4,5,4),(70,251,5,6,5),(71,252,1,3,1),(72,252,2,4,2),(73,252,3,7,3),(74,252,4,5,4),(75,252,5,6,5),(76,253,1,3,1),(77,253,2,4,2),(78,253,3,7,3),(79,253,4,5,4),(80,253,5,6,5),(81,254,1,3,1),(82,254,2,4,2),(83,254,3,7,3),(84,254,4,5,4),(85,254,5,6,5),(86,255,1,3,1),(87,255,2,4,2),(88,255,3,7,3),(89,255,4,5,4),(90,255,5,6,5),(91,256,1,3,1),(92,256,2,4,2),(93,256,3,7,3),(94,256,4,5,4),(95,256,5,6,5),(96,257,1,3,1),(97,257,2,4,2),(98,257,3,7,3),(99,257,4,5,4),(100,257,5,6,5),(101,258,1,3,1),(102,258,2,4,2),(103,258,3,7,3),(104,258,4,5,4),(105,258,5,6,5),(106,259,1,3,1),(107,259,2,4,2),(108,259,3,7,3),(109,259,4,5,4),(110,259,5,6,5),(111,260,1,3,1),(112,260,2,4,2),(113,260,3,7,3),(114,260,4,5,4),(115,260,5,6,5),(116,261,1,3,1),(117,261,2,4,2),(118,261,3,7,3),(119,261,4,5,4),(120,261,5,6,5),(121,262,1,3,1),(122,262,2,4,2),(123,262,3,7,3),(124,262,4,5,4),(125,262,5,6,5),(126,114,1,3,1),(127,114,2,4,2),(128,114,3,5,3),(129,114,4,6,4),(130,115,1,3,1),(131,115,2,4,2),(132,115,3,5,3),(133,115,4,6,4),(134,116,1,3,1),(135,116,2,4,2),(136,116,3,5,3),(137,116,4,6,4),(138,117,1,3,1),(139,117,2,4,2),(140,117,3,5,3),(141,117,4,6,4),(142,118,1,3,4),(143,118,2,4,3),(144,118,3,5,2),(145,118,4,6,1),(146,119,1,3,1),(147,119,2,4,2),(148,119,3,5,3),(149,119,4,6,4),(150,120,1,3,1),(151,120,2,4,2),(152,120,3,5,3),(153,120,4,6,4),(154,121,1,3,1),(155,121,2,4,2),(156,121,3,5,3),(157,121,4,6,4),(158,122,1,3,1),(159,122,2,4,2),(160,122,3,5,3),(161,122,4,6,4),(162,124,1,3,1),(163,124,2,4,2),(164,124,3,5,3),(165,124,4,6,4),(166,125,1,3,1),(167,125,2,4,2),(168,125,3,5,3),(169,125,4,6,4),(170,126,1,3,1),(171,126,2,4,2),(172,126,3,5,3),(173,126,4,6,4),(174,127,1,3,1),(175,127,2,4,2),(176,127,3,5,3),(177,127,4,6,4),(178,128,1,3,1),(179,128,2,4,2),(180,128,3,5,3),(181,128,4,6,4),(182,129,1,3,1),(183,129,2,4,2),(184,129,3,5,3),(185,129,4,6,4),(186,130,1,3,1),(187,130,2,4,2),(188,130,3,5,3),(189,130,4,6,4),(190,131,1,3,1),(191,131,2,4,2),(192,131,3,5,3),(193,131,4,6,4),(194,133,1,3,1),(195,133,2,4,2),(196,133,3,5,3),(197,133,4,6,4),(198,134,1,3,1),(199,134,2,4,2),(200,134,3,5,3),(201,134,4,6,4),(202,136,1,3,1),(203,136,2,4,2),(204,136,3,5,3),(205,136,4,6,4),(206,137,1,3,1),(207,137,2,4,2),(208,137,3,5,3),(209,137,4,6,4),(210,138,1,3,1),(211,138,2,4,2),(212,138,3,5,3),(213,138,4,6,4),(214,139,1,3,1),(215,139,2,4,2),(216,139,3,5,3),(217,139,4,6,4),(218,141,1,3,1),(219,141,2,4,2),(220,141,3,5,3),(221,141,4,6,4),(222,142,1,3,4),(223,142,2,4,3),(224,142,3,5,2),(225,142,4,6,1),(226,143,1,3,1),(227,143,2,4,2),(228,143,3,5,3),(229,143,4,6,4),(230,145,1,3,1),(231,145,2,4,2),(232,145,3,5,3),(233,145,4,6,4),(234,146,1,3,1),(235,146,2,4,2),(236,146,3,5,3),(237,146,4,6,4),(238,147,1,3,1),(239,147,2,4,2),(240,147,3,5,3),(241,147,4,6,4),(242,148,1,3,1),(243,148,2,4,2),(244,148,3,5,3),(245,148,4,6,4),(246,149,1,3,4),(247,149,2,4,3),(248,149,3,5,2),(249,149,4,6,1),(250,150,1,3,1),(251,150,2,4,2),(252,150,3,5,3),(253,150,4,6,4),(254,151,1,3,1),(255,151,2,4,2),(256,151,3,5,3),(257,151,4,6,4),(258,152,1,3,1),(259,152,2,4,2),(260,152,3,5,3),(261,152,4,6,4),(262,153,1,3,1),(263,153,2,4,2),(264,153,3,5,3),(265,153,4,6,4),(266,154,1,3,1),(267,154,2,4,2),(268,154,3,5,3),(269,154,4,6,4),(270,155,1,3,1),(271,155,2,4,2),(272,155,3,5,3),(273,155,4,6,4),(274,156,1,3,1),(275,156,2,4,2),(276,156,3,5,3),(277,156,4,6,4),(278,157,1,3,1),(279,157,2,4,2),(280,157,3,5,3),(281,157,4,6,4),(282,168,1,3,1),(283,168,2,4,2),(284,168,3,5,3),(285,168,4,6,4),(286,169,1,3,1),(287,169,2,4,2),(288,169,3,5,3),(289,169,4,6,4),(290,170,1,3,1),(291,170,2,4,2),(292,170,3,5,3),(293,170,4,6,4),(294,171,1,3,1),(295,171,2,4,2),(296,171,3,5,3),(297,171,4,6,4),(298,172,1,3,1),(299,172,2,4,2),(300,172,3,5,3),(301,172,4,6,4),(302,173,1,3,1),(303,173,2,4,2),(304,173,3,5,3),(305,173,4,6,4),(306,174,1,3,4),(307,174,2,4,3),(308,174,3,5,2),(309,174,4,6,1),(310,175,1,3,1),(311,175,2,4,2),(312,175,3,5,3),(313,175,4,6,4),(314,176,1,3,1),(315,176,2,4,2),(316,176,3,5,3),(317,176,4,6,4),(318,177,1,3,1),(319,177,2,4,2),(320,177,3,5,3),(321,177,4,6,4),(322,178,1,3,4),(323,178,2,4,3),(324,178,3,5,2),(325,178,4,6,1),(326,179,1,3,1),(327,179,2,4,2),(328,179,3,5,3),(329,179,4,6,4),(330,180,1,3,4),(331,180,2,4,3),(332,180,3,5,2),(333,180,4,6,1),(334,181,1,3,1),(335,181,2,4,2),(336,181,3,5,3),(337,181,4,6,4),(338,182,1,3,1),(339,182,2,4,2),(340,182,3,5,3),(341,182,4,6,4),(342,183,1,3,1),(343,183,2,4,2),(344,183,3,5,3),(345,183,4,6,4),(346,184,1,3,1),(347,184,2,4,2),(348,184,3,5,3),(349,184,4,6,4),(350,185,1,3,1),(351,185,2,4,2),(352,185,3,5,3),(353,185,4,6,4),(354,186,1,3,1),(355,186,2,4,2),(356,186,3,5,3),(357,186,4,6,4),(358,187,1,3,1),(359,187,2,4,2),(360,187,3,5,3),(361,187,4,6,4),(362,188,1,3,1),(363,188,2,4,2),(364,188,3,5,3),(365,188,4,6,4),(366,189,1,3,1),(367,189,2,4,2),(368,189,3,5,3),(369,189,4,6,4),(370,190,1,3,4),(371,190,2,4,3),(372,190,3,5,2),(373,190,4,6,1),(374,191,1,3,1),(375,191,2,4,2),(376,191,3,5,3),(377,191,4,6,4),(378,192,1,3,1),(379,192,2,4,2),(380,192,3,5,3),(381,192,4,6,4),(382,193,1,3,1),(383,193,2,4,2),(384,193,3,5,3),(385,193,4,6,4),(386,194,1,3,1),(387,194,2,4,2),(388,194,3,5,3),(389,194,4,6,4),(390,195,1,3,1),(391,195,2,4,2),(392,195,3,5,3),(393,195,4,6,4),(394,196,1,3,1),(395,196,2,4,2),(396,196,3,5,3),(397,196,4,6,4),(398,197,1,3,1),(399,197,2,4,2),(400,197,3,5,3),(401,197,4,6,4),(402,199,1,3,1),(403,199,2,4,2),(404,199,3,5,3),(405,199,4,6,4),(406,200,1,3,1),(407,200,2,4,2),(408,200,3,5,3),(409,200,4,6,4),(410,201,1,3,1),(411,201,2,4,2),(412,201,3,5,3),(413,201,4,6,4),(414,202,1,3,1),(415,202,2,4,2),(416,202,3,5,3),(417,202,4,6,4),(418,203,1,3,1),(419,203,2,4,2),(420,203,3,5,3),(421,203,4,6,4),(422,204,1,3,1),(423,204,2,4,2),(424,204,3,5,3),(425,204,4,6,4),(426,205,1,3,1),(427,205,2,4,2),(428,205,3,5,3),(429,205,4,6,4),(430,206,1,3,1),(431,206,2,4,2),(432,206,3,5,3),(433,206,4,6,4),(434,207,1,3,1),(435,207,2,4,2),(436,207,3,5,3),(437,207,4,6,4),(438,209,1,3,1),(439,209,2,4,2),(440,209,3,5,3),(441,209,4,6,4),(442,210,1,3,1),(443,210,2,4,2),(444,210,3,5,3),(445,210,4,6,4),(656,1,1,1,1),(657,1,2,2,0),(658,2,1,1,1),(659,2,2,2,0),(660,3,1,1,0),(661,3,2,2,1),(662,4,1,1,1),(663,4,2,2,0),(664,5,1,1,0),(665,5,2,2,1),(666,6,1,1,1),(667,6,2,2,0),(668,7,1,1,1),(669,7,2,2,0),(670,8,1,1,1),(671,8,2,2,0),(672,9,1,1,1),(673,9,2,2,0),(674,11,1,1,1),(675,11,2,2,0),(676,12,1,1,0),(677,12,2,2,1),(678,13,1,1,1),(679,13,2,2,0),(680,14,1,1,1),(681,14,2,2,0),(682,16,1,1,1),(683,16,2,2,0),(684,17,1,1,0),(685,17,2,2,1),(686,19,1,1,1),(687,19,2,2,0),(688,20,1,1,1),(689,20,2,2,0),(690,21,1,1,1),(691,21,2,2,0),(692,22,1,1,1),(693,22,2,2,0),(694,23,1,1,1),(695,23,2,2,0),(696,24,1,1,1),(697,24,2,2,0),(698,25,1,1,0),(699,25,2,2,1),(700,26,1,1,1),(701,26,2,2,0),(702,27,1,1,1),(703,27,2,2,0),(704,29,1,1,0),(705,29,2,2,1),(706,30,1,1,1),(707,30,2,2,0),(708,31,1,1,0),(709,31,2,2,1),(710,32,1,1,1),(711,32,2,2,0),(712,34,1,1,0),(713,34,2,2,1),(714,35,1,1,1),(715,35,2,2,0),(716,36,1,1,1),(717,36,2,2,0),(718,37,1,1,0),(719,37,2,2,1),(720,38,1,1,1),(721,38,2,2,0),(722,39,1,1,1),(723,39,2,2,0),(724,40,1,1,1),(725,40,2,2,0),(726,41,1,1,1),(727,41,2,2,0),(728,42,1,1,1),(729,42,2,2,0),(730,43,1,1,1),(731,43,2,2,0),(732,44,1,1,1),(733,44,2,2,0),(734,45,1,1,1),(735,45,2,2,0),(736,46,1,1,0),(737,46,2,2,1),(738,47,1,1,0),(739,47,2,2,1),(740,48,1,1,1),(741,48,2,2,0),(742,49,1,1,1),(743,49,2,2,0),(744,50,1,1,1),(745,50,2,2,0),(746,51,1,1,1),(747,51,2,2,0),(748,52,1,1,1),(749,52,2,2,0),(750,53,1,1,1),(751,53,2,2,0),(752,55,1,1,1),(753,55,2,2,0),(754,56,1,1,1),(755,56,2,2,0),(756,57,1,1,1),(757,57,2,2,0),(758,59,1,1,0),(759,59,2,2,1),(760,60,1,1,1),(761,60,2,2,0),(762,61,1,1,0),(763,61,2,2,1),(764,62,1,1,1),(765,62,2,2,0),(766,63,1,1,1),(767,63,2,2,0),(768,64,1,1,0),(769,64,2,2,1),(770,65,1,1,1),(771,65,2,2,0),(772,66,1,1,1),(773,66,2,2,0),(774,67,1,1,1),(775,67,2,2,0),(776,68,1,1,1),(777,68,2,2,0),(778,69,1,1,1),(779,69,2,2,0),(780,70,1,1,0),(781,70,2,2,1),(782,71,1,1,1),(783,71,2,2,0),(784,72,1,1,1),(785,72,2,2,0),(786,73,1,1,1),(787,73,2,2,0),(788,74,1,1,1),(789,74,2,2,0),(790,75,1,1,0),(791,75,2,2,1),(792,76,1,1,1),(793,76,2,2,0),(794,77,1,1,1),(795,77,2,2,0),(796,78,1,1,0),(797,78,2,2,1),(798,80,1,1,1),(799,80,2,2,0),(800,81,1,1,1),(801,81,2,2,0),(802,82,1,1,1),(803,82,2,2,0),(804,83,1,1,1),(805,83,2,2,0),(806,84,1,1,1),(807,84,2,2,0),(808,86,1,1,1),(809,86,2,2,0),(810,87,1,1,0),(811,87,2,2,1),(812,88,1,1,0),(813,88,2,2,1),(814,91,1,1,0),(815,91,2,2,1),(816,92,1,1,1),(817,92,2,2,0),(818,93,1,1,1),(819,93,2,2,0),(820,94,1,1,1),(821,94,2,2,0),(822,95,1,1,0),(823,95,2,2,1),(824,96,1,1,1),(825,96,2,2,0),(826,97,1,1,1),(827,97,2,2,0),(828,98,1,1,0),(829,98,2,2,1),(830,99,1,1,1),(831,99,2,2,0),(832,100,1,1,1),(833,100,2,2,0),(834,101,1,1,0),(835,101,2,2,1),(836,102,1,1,0),(837,102,2,2,1),(838,103,1,1,1),(839,103,2,2,0),(840,104,1,1,1),(841,104,2,2,0),(842,105,1,1,1),(843,105,2,2,0),(844,106,1,1,0),(845,106,2,2,1),(846,107,1,1,1),(847,107,2,2,0),(848,108,1,1,1),(849,108,2,2,0),(850,109,1,1,1),(851,109,2,2,0),(852,110,1,1,0),(853,110,2,2,1),(854,111,1,1,0),(855,111,2,2,1),(856,112,1,1,1),(857,112,2,2,0),(858,113,1,1,0),(859,113,2,2,1),(860,263,1,1,1),(861,263,2,2,0),(862,264,1,1,0),(863,264,2,2,1),(864,265,1,1,0),(865,265,2,2,1),(866,211,1,11,7),(867,211,2,10,6),(868,211,3,9,5),(869,211,4,8,4),(870,211,5,9,3),(871,211,6,10,2),(872,211,7,11,1),(873,212,1,11,7),(874,212,2,10,6),(875,212,3,9,5),(876,212,4,8,4),(877,212,5,9,3),(878,212,6,10,2),(879,212,7,11,1),(880,213,1,11,1),(881,213,2,10,2),(882,213,3,9,3),(883,213,4,8,4),(884,213,5,9,5),(885,213,6,10,6),(886,213,7,11,7),(887,214,1,11,1),(888,214,2,10,2),(889,214,3,9,3),(890,214,4,8,4),(891,214,5,9,5),(892,214,6,10,6),(893,214,7,11,7),(894,215,1,11,7),(895,215,2,10,6),(896,215,3,9,5),(897,215,4,8,4),(898,215,5,9,3),(899,215,6,10,2),(900,215,7,11,1),(901,216,1,11,7),(902,216,2,10,6),(903,216,3,9,5),(904,216,4,8,4),(905,216,5,9,3),(906,216,6,10,2),(907,216,7,11,1),(908,217,1,11,7),(909,217,2,10,6),(910,217,3,9,5),(911,217,4,8,4),(912,217,5,9,3),(913,217,6,10,2),(914,217,7,11,1),(915,218,1,11,7),(916,218,2,10,6),(917,218,3,9,5),(918,218,4,8,4),(919,218,5,9,3),(920,218,6,10,2),(921,218,7,11,1),(922,219,1,11,1),(923,219,2,10,2),(924,219,3,9,3),(925,219,4,8,4),(926,219,5,9,5),(927,219,6,10,6),(928,219,7,11,7),(929,220,1,11,1),(930,220,2,10,2),(931,220,3,9,3),(932,220,4,8,4),(933,220,5,9,5),(934,220,6,10,6),(935,220,7,11,7),(936,221,1,11,7),(937,221,2,10,6),(938,221,3,9,5),(939,221,4,8,4),(940,221,5,9,3),(941,221,6,10,2),(942,221,7,11,1),(943,222,1,11,7),(944,222,2,10,6),(945,222,3,9,5),(946,222,4,8,4),(947,222,5,9,3),(948,222,6,10,2),(949,222,7,11,1),(950,224,1,11,7),(951,224,2,10,6),(952,224,3,9,5),(953,224,4,8,4),(954,224,5,9,3),(955,224,6,10,2),(956,224,7,11,1),(957,225,1,11,7),(958,225,2,10,6),(959,225,3,9,5),(960,225,4,8,4),(961,225,5,9,3),(962,225,6,10,2),(963,225,7,11,1),(964,226,1,11,1),(965,226,2,10,2),(966,226,3,9,3),(967,226,4,8,4),(968,226,5,9,5),(969,226,6,10,6),(970,226,7,11,7),(971,227,1,11,1),(972,227,2,10,2),(973,227,3,9,3),(974,227,4,8,4),(975,227,5,9,5),(976,227,6,10,6),(977,227,7,11,7),(978,228,1,11,7),(979,228,2,10,6),(980,228,3,9,5),(981,228,4,8,4),(982,228,5,9,3),(983,228,6,10,2),(984,228,7,11,1),(985,229,1,11,7),(986,229,2,10,6),(987,229,3,9,5),(988,229,4,8,4),(989,229,5,9,3),(990,229,6,10,2),(991,229,7,11,1),(992,230,1,11,7),(993,230,2,10,6),(994,230,3,9,5),(995,230,4,8,4),(996,230,5,9,3),(997,230,6,10,2),(998,230,7,11,1),(999,231,1,11,7),(1000,231,2,10,6),(1001,231,3,9,5),(1002,231,4,8,4),(1003,231,5,9,3),(1004,231,6,10,2),(1005,231,7,11,1),(1006,232,1,11,1),(1007,232,2,10,2),(1008,232,3,9,3),(1009,232,4,8,4),(1010,232,5,9,5),(1011,232,6,10,6),(1012,232,7,11,7),(1013,233,1,11,1),(1014,233,2,10,2),(1015,233,3,9,3),(1016,233,4,8,4),(1017,233,5,9,5),(1018,233,6,10,6),(1019,233,7,11,7),(1020,234,1,11,7),(1021,234,2,10,6),(1022,234,3,9,5),(1023,234,4,8,4),(1024,234,5,9,3),(1025,234,6,10,2),(1026,234,7,11,1),(1027,235,1,11,7),(1028,235,2,10,6),(1029,235,3,9,5),(1030,235,4,8,4),(1031,235,5,9,3),(1032,235,6,10,2),(1033,235,7,11,1),(1034,236,1,11,7),(1035,236,2,10,6),(1036,236,3,9,5),(1037,236,4,8,4),(1038,236,5,9,3),(1039,236,6,10,2),(1040,236,7,11,1),(1041,237,1,11,7),(1042,237,2,10,6),(1043,237,3,9,5),(1044,237,4,8,4),(1045,237,5,9,3),(1046,237,6,10,2),(1047,237,7,11,1),(1048,266,1,11,1),(1049,266,2,10,2),(1050,266,3,9,3),(1051,266,4,8,4),(1052,266,5,9,5),(1053,266,6,10,6),(1054,266,7,11,7),(1055,267,1,11,1),(1056,267,2,10,2),(1057,267,3,9,3),(1058,267,4,8,4),(1059,267,5,9,5),(1060,267,6,10,6),(1061,267,7,11,7),(1062,268,1,11,7),(1063,268,2,10,6),(1064,268,3,9,5),(1065,268,4,8,4),(1066,268,5,9,3),(1067,268,6,10,2),(1068,268,7,11,1),(1069,269,1,11,7),(1070,269,2,10,6),(1071,269,3,9,5),(1072,269,4,8,4),(1073,269,5,9,3),(1074,269,6,10,2),(1075,269,7,11,1);
/*!40000 ALTER TABLE `q_answer` ENABLE KEYS */;
UNLOCK TABLES;

--
-- Table structure for table `q_scale`
--

DROP TABLE IF EXISTS `q_scale`;
/*!40101 SET @saved_cs_client     = @@character_set_client */;
/*!50503 SET character_set_client = utf8mb4 */;
CREATE TABLE `q_scale` (
  `scale_id` int NOT NULL AUTO_INCREMENT,
  `scale_name` varchar(255) DEFAULT NULL,
  `scale_nickname` varchar(255) DEFAULT NULL,
  PRIMARY KEY (`scale_id`)
) ENGINE=InnoDB AUTO_INCREMENT=26 DEFAULT CHARSET=utf8;
/*!40101 SET character_set_client = @saved_cs_client */;

--
-- Dumping data for table `q_scale`
--

LOCK TABLES `q_scale` WRITE;
/*!40000 ALTER TABLE `q_scale` DISABLE KEYS */;
INSERT INTO `q_scale` VALUES (1,'Предметная энергичность','ПрЭн'),(2,'Социальная энергичность','СоцЭн'),(3,'Пластичность','Пласт'),(4,'Социальная пластичность','СоцПласт'),(5,'Темп','Темп'),(6,'Социальный темп','СоцТемп'),(7,'Эмоциональность','Эмоц'),(8,'Застревание','З'),(9,'Демонстративность','Де'),(10,'Педантичность','П'),(11,'Возбудимость','В'),(12,'Гипертимность','Г'),(13,'Дистимность','Ди'),(14,'Циклотимность','Ц'),(15,'Экзальтированность','Эк'),(16,'Эмотивность','Эм'),(17,'Тревожность','Т'),(18,'Самочувствие','С'),(19,'Активность','А'),(20,'Настроение','Н'),(21,'Агрессивность','А'),(22,'Гнев','Г'),(23,'Враждебность','В'),(24,'Контроль','К'),(25,'Социальная эмоциональность','СоцЭмоц');
/*!40000 ALTER TABLE `q_scale` ENABLE KEYS */;
UNLOCK TABLES;
/*!40103 SET TIME_ZONE=@OLD_TIME_ZONE */;

/*!40101 SET SQL_MODE=@OLD_SQL_MODE */;
/*!40014 SET FOREIGN_KEY_CHECKS=@OLD_FOREIGN_KEY_CHECKS */;
/*!40014 SET UNIQUE_CHECKS=@OLD_UNIQUE_CHECKS */;
/*!40101 SET CHARACTER_SET_CLIENT=@OLD_CHARACTER_SET_CLIENT */;
/*!40101 SET CHARACTER_SET_RESULTS=@OLD_CHARACTER_SET_RESULTS */;
/*!40101 SET COLLATION_CONNECTION=@OLD_COLLATION_CONNECTION */;
/*!40111 SET SQL_NOTES=@OLD_SQL_NOTES */;

-- Dump completed on 2020-04-03 15:45:23
